{"cameraMode":{"drawMode":0,"name":"Shaded","section":"Shading Mode"},"sceneLighting":false,"audioPlay":false,"sceneViewState":{"showFog":true,"showMaterialUpdate":false,"showSkybox":false,"showFlares":true,"showImageEffects":true,"showParticleSystems":true},"in2DMode":false,"pivot":{"x":0.015094131231307984,"y":2.682461738586426,"z":0.007743775844573975},"rotation":{"x":-0.1963638961315155,"y":-0.05821201205253601,"z":0.011684945784509182,"w":-0.978746235370636},"size":1.2367216348648072,"orthographic":false}