{"cameraMode":{"drawMode":0,"name":"Shaded","section":"Shading Mode"},"sceneLighting":true,"audioPlay":false,"sceneViewState":{"showFog":true,"showMaterialUpdate":false,"showSkybox":true,"showFlares":true,"showImageEffects":true,"showParticleSystems":true},"in2DMode":false,"pivot":{"x":-14.237818717956543,"y":61.318580627441409,"z":-62.4036750793457},"rotation":{"x":-0.29059895873069765,"y":-0.06252530217170716,"z":0.019044993445277215,"w":-0.9546266794204712},"size":10.0,"orthographic":false}